{
  "delivery_sequences": [
    "A062JRR",
    "A062K02",
    "A062K03",
    "A062K0D",
    "A062K0G",
    "A062K19",
    "A062K1J",
    "A062K1Y",
    "A062K92",
    "A062KDC",
    "A062KE0",
    "A062KKX",
    "A062KLK",
    "A062KLS",
    "A062KSY",
    "A062KZT",
    "A062KA3",
    "A062KB7",
    "A062JW1",
    "A062KM2",
    "A062K0M",
    "A062K0N",
    "A062K0Q",
    "A062K0U",
    "A062K0Y",
    "A062K0Z",
    "A062K1B",
    "A062K1D",
    "A062K1G",
    "A062K1K",
    "A062K1P",
    "A062K1X",
    "A062K23",
    "A062KBW",
    "A062KFA",
    "A062KGK",
    "A062KJD",
    "A062KLC",
    "A062KNG",
    "A062L19",
    "A062KD7",
    "A062JWJ",
    "A062K01",
    "A062K0A",
    "A062K0L",
    "A062K0P",
    "A062K0R",
    "A062K0T",
    "A062K0W",
    "A062K1A",
    "A062K1E",
    "A062K1H",
    "A062K1N",
    "A062K1U",
    "A062KB9",
    "A062KEE",
    "A062KHG",
    "A062KJA",
    "A062KL5",
    "A062KXX",
    "A062KYX",
    "A062JWW",
    "A062JW3",
    "A062K3Q",
    "A062JPJ",
    "A062JRN",
    "A062KQ8",
    "A062KDK",
    "A062K6B",
    "ANoon062UDF",
    "A062K57",
    "A062KG2",
    "A062K2V",
    "A062KNW",
    "A062K48",
    "A062KB4",
    "A062KU9",
    "A062KUB",
    "A062L01",
    "A062JM6",
    "A062JNE",
    "A062JNU",
    "A062JP1",
    "A062JQ6",
    "A062JQZ",
    "A062JSK",
    "A062JSU",
    "A062JTC",
    "A062JTP",
    "A062JTV",
    "A062KX6",
    "A062M9A",
    "A062PJN",
    "A062K64",
    "A062K4V",
    "A062K5Z",
    "A062K4W",
    "A062JPX",
    "A062K2M",
    "A062KNS",
    "A062KT0",
    "A062L11",
    "A062JYR",
    "A062K3E",
    "A062K3F",
    "A062KBT",
    "A062KBU"
  ],
  "delivery_data_with_drivers": {
    "A062JRR": {
      "stop_number": "17",
      "driver_number": "Route NI 5"
    },
    "A062K02": {
      "stop_number": "18",
      "driver_number": "Route NI 5"
    },
    "A062K03": {
      "stop_number": "14",
      "driver_number": "Route NI 5"
    },
    "A062K0D": {
      "stop_number": "10",
      "driver_number": "Route NI 5"
    },
    "A062K0G": {
      "stop_number": "13",
      "driver_number": "Route NI 5"
    },
    "A062K19": {
      "stop_number": "2",
      "driver_number": "Route NI 5"
    },
    "A062K1J": {
      "stop_number": "3",
      "driver_number": "Route NI 5"
    },
    "A062K1Y": {
      "stop_number": "4",
      "driver_number": "Route NI 5"
    },
    "A062K92": {
      "stop_number": "7",
      "driver_number": "Route NI 5"
    },
    "A062KDC": {
      "stop_number": "9",
      "driver_number": "Route NI 5"
    },
    "A062KE0": {
      "stop_number": "1",
      "driver_number": "Route NI 5"
    },
    "A062KKX": {
      "stop_number": "6",
      "driver_number": "Route NI 5"
    },
    "A062KLK": {
      "stop_number": "12",
      "driver_number": "Route NI 5"
    },
    "A062KLS": {
      "stop_number": "5",
      "driver_number": "Route NI 5"
    },
    "A062KSY": {
      "stop_number": "16",
      "driver_number": "Route NI 5"
    },
    "A062KZT": {
      "stop_number": "11",
      "driver_number": "Route NI 5"
    },
    "A062KA3": {
      "stop_number": "15",
      "driver_number": "Route NI 5"
    },
    "A062KB7": {
      "stop_number": "20",
      "driver_number": "Route NI 5"
    },
    "A062JW1": {
      "stop_number": "8",
      "driver_number": "Route NI 5"
    },
    "A062KM2": {
      "stop_number": "19",
      "driver_number": "Route NI 5"
    },
    "A062K0M": {
      "stop_number": "18",
      "driver_number": "Route NI 3"
    },
    "A062K0N": {
      "stop_number": "15",
      "driver_number": "Route NI 3"
    },
    "A062K0Q": {
      "stop_number": "12",
      "driver_number": "Route NI 3"
    },
    "A062K0U": {
      "stop_number": "19",
      "driver_number": "Route NI 3"
    },
    "A062K0Y": {
      "stop_number": "13",
      "driver_number": "Route NI 3"
    },
    "A062K0Z": {
      "stop_number": "10",
      "driver_number": "Route NI 3"
    },
    "A062K1B": {
      "stop_number": "11",
      "driver_number": "Route NI 3"
    },
    "A062K1D": {
      "stop_number": "16",
      "driver_number": "Route NI 3"
    },
    "A062K1G": {
      "stop_number": "9",
      "driver_number": "Route NI 3"
    },
    "A062K1K": {
      "stop_number": "20",
      "driver_number": "Route NI 3"
    },
    "A062K1P": {
      "stop_number": "5",
      "driver_number": "Route NI 3"
    },
    "A062K1X": {
      "stop_number": "8",
      "driver_number": "Route NI 3"
    },
    "A062K23": {
      "stop_number": "7",
      "driver_number": "Route NI 3"
    },
    "A062KBW": {
      "stop_number": "6",
      "driver_number": "Route NI 3"
    },
    "A062KFA": {
      "stop_number": "1",
      "driver_number": "Route NI 3"
    },
    "A062KGK": {
      "stop_number": "4",
      "driver_number": "Route NI 3"
    },
    "A062KJD": {
      "stop_number": "3",
      "driver_number": "Route NI 3"
    },
    "A062KLC": {
      "stop_number": "21",
      "driver_number": "Route NI 3"
    },
    "A062KNG": {
      "stop_number": "2",
      "driver_number": "Route NI 3"
    },
    "A062L19": {
      "stop_number": "14",
      "driver_number": "Route NI 3"
    },
    "A062KD7": {
      "stop_number": "6",
      "driver_number": "Route NI 2"
    },
    "A062JWJ": {
      "stop_number": "14",
      "driver_number": "Route NI 2"
    },
    "A062K01": {
      "stop_number": "22",
      "driver_number": "Route NI 2"
    },
    "A062K0A": {
      "stop_number": "12",
      "driver_number": "Route NI 2"
    },
    "A062K0L": {
      "stop_number": "23",
      "driver_number": "Route NI 2"
    },
    "A062K0P": {
      "stop_number": "5",
      "driver_number": "Route NI 2"
    },
    "A062K0R": {
      "stop_number": "3",
      "driver_number": "Route NI 2"
    },
    "A062K0T": {
      "stop_number": "18",
      "driver_number": "Route NI 2"
    },
    "A062K0W": {
      "stop_number": "17",
      "driver_number": "Route NI 2"
    },
    "A062K1A": {
      "stop_number": "4",
      "driver_number": "Route NI 2"
    },
    "A062K1E": {
      "stop_number": "1",
      "driver_number": "Route NI 2"
    },
    "A062K1H": {
      "stop_number": "8",
      "driver_number": "Route NI 2"
    },
    "A062K1N": {
      "stop_number": "20",
      "driver_number": "Route NI 2"
    },
    "A062K1U": {
      "stop_number": "7",
      "driver_number": "Route NI 2"
    },
    "A062KB9": {
      "stop_number": "2",
      "driver_number": "Route NI 2"
    },
    "A062KEE": {
      "stop_number": "9",
      "driver_number": "Route NI 2"
    },
    "A062KHG": {
      "stop_number": "21",
      "driver_number": "Route NI 2"
    },
    "A062KJA": {
      "stop_number": "15",
      "driver_number": "Route NI 2"
    },
    "A062KL5": {
      "stop_number": "19",
      "driver_number": "Route NI 2"
    },
    "A062KXX": {
      "stop_number": "24",
      "driver_number": "Route NI 2"
    },
    "A062KYX": {
      "stop_number": "10",
      "driver_number": "Route NI 2"
    },
    "A062JWW": {
      "stop_number": "16",
      "driver_number": "Route NI 2"
    },
    "A062JW3": {
      "stop_number": "11",
      "driver_number": "Route NI 2"
    },
    "A062K3Q": {
      "stop_number": "13",
      "driver_number": "Route NI 2"
    },
    "A062JPJ": {
      "stop_number": "11",
      "driver_number": "Route Dublin 13 Andreij"
    },
    "A062JRN": {
      "stop_number": "3",
      "driver_number": "Route Dublin 13 Andreij"
    },
    "A062KQ8": {
      "stop_number": "6",
      "driver_number": "Route Dublin 13 Andreij"
    },
    "A062KDK": {
      "stop_number": "14",
      "driver_number": "Route Dublin 13 Andreij"
    },
    "A062K6B": {
      "stop_number": "12",
      "driver_number": "Route Dublin 13 Andreij"
    },
    "ANoon062UDF": {
      "stop_number": "4",
      "driver_number": "Route Dublin 13 Andreij"
    },
    "A062K57": {
      "stop_number": "10",
      "driver_number": "Route Dublin 13 Andreij"
    },
    "A062KG2": {
      "stop_number": "9",
      "driver_number": "Route Dublin 13 Andreij"
    },
    "A062K2V": {
      "stop_number": "2",
      "driver_number": "Route Dublin 13 Andreij"
    },
    "A062KNW": {
      "stop_number": "15",
      "driver_number": "Route Dublin 13 Andreij"
    },
    "A062K48": {
      "stop_number": "1",
      "driver_number": "Route Dublin 13 Andreij"
    },
    "A062KB4": {
      "stop_number": "5",
      "driver_number": "Route Dublin 13 Andreij"
    },
    "A062KU9": {
      "stop_number": "8",
      "driver_number": "Route Dublin 13 Andreij"
    },
    "A062KUB": {
      "stop_number": "7",
      "driver_number": "Route Dublin 13 Andreij"
    },
    "A062L01": {
      "stop_number": "13",
      "driver_number": "Route Dublin 13 Andreij"
    },
    "A062JM6": {
      "stop_number": "2",
      "driver_number": "Route Dublin 3 Vadim"
    },
    "A062JNE": {
      "stop_number": "10",
      "driver_number": "Route Dublin 3 Vadim"
    },
    "A062JNU": {
      "stop_number": "13",
      "driver_number": "Route Dublin 3 Vadim"
    },
    "A062JP1": {
      "stop_number": "1",
      "driver_number": "Route Dublin 3 Vadim"
    },
    "A062JQ6": {
      "stop_number": "19",
      "driver_number": "Route Dublin 3 Vadim"
    },
    "A062JQZ": {
      "stop_number": "28",
      "driver_number": "Route Dublin 3 Vadim"
    },
    "A062JSK": {
      "stop_number": "7",
      "driver_number": "Route Dublin 3 Vadim"
    },
    "A062JSU": {
      "stop_number": "8",
      "driver_number": "Route Dublin 3 Vadim"
    },
    "A062JTC": {
      "stop_number": "3",
      "driver_number": "Route Dublin 3 Vadim"
    },
    "A062JTP": {
      "stop_number": "11",
      "driver_number": "Route Dublin 3 Vadim"
    },
    "A062JTV": {
      "stop_number": "6",
      "driver_number": "Route Dublin 3 Vadim"
    },
    "A062KX6": {
      "stop_number": "22",
      "driver_number": "Route Dublin 3 Vadim"
    },
    "A062M9A": {
      "stop_number": "27",
      "driver_number": "Route Dublin 3 Vadim"
    },
    "A062PJN": {
      "stop_number": "5",
      "driver_number": "Route Dublin 3 Vadim"
    },
    "A062K64": {
      "stop_number": "4",
      "driver_number": "Route Dublin 3 Vadim"
    },
    "A062K4V": {
      "stop_number": "9",
      "driver_number": "Route Dublin 3 Vadim"
    },
    "A062K5Z": {
      "stop_number": "12",
      "driver_number": "Route Dublin 3 Vadim"
    },
    "A062K4W": {
      "stop_number": "18",
      "driver_number": "Route Dublin 3 Vadim"
    },
    "A062JPX": {
      "stop_number": "25",
      "driver_number": "Route Dublin 3 Vadim"
    },
    "A062K2M": {
      "stop_number": "15",
      "driver_number": "Route Dublin 3 Vadim"
    },
    "A062KNS": {
      "stop_number": "26",
      "driver_number": "Route Dublin 3 Vadim"
    },
    "A062KT0": {
      "stop_number": "16",
      "driver_number": "Route Dublin 3 Vadim"
    },
    "A062L11": {
      "stop_number": "14",
      "driver_number": "Route Dublin 3 Vadim"
    },
    "A062JYR": {
      "stop_number": "17",
      "driver_number": "Route Dublin 3 Vadim"
    },
    "A062K3E": {
      "stop_number": "20",
      "driver_number": "Route Dublin 3 Vadim"
    },
    "A062K3F": {
      "stop_number": "21",
      "driver_number": "Route Dublin 3 Vadim"
    },
    "A062KBT": {
      "stop_number": "23",
      "driver_number": "Route Dublin 3 Vadim"
    },
    "A062KBU": {
      "stop_number": "24",
      "driver_number": "Route Dublin 3 Vadim"
    }
  },
  "source_file": "OptimoRoute Scheduled Deliveries",
  "source_type": "scheduled_deliveries",
  "total_records": 107,
  "created_date": "2025-07-23T09:24:23.067114"
}